source_code,destination_code,price,duration_minutes
ABQ,PHX,188,84
ABQ,DFW,290,85
ABQ,LAS,155,115
ALB,DFW,130,83
ALB,DEN,84,138
ALB,MIA,141,100
ANC,DFW,250,215
ANC,LAS,232,104
ATL,FLL,438,326
ATL,MCO,185,416
ATL,DFW,190,334
ATL,MIA,161,370
ATL,DCA,162,318
ATL,ORD,250,318
ATL,IAH,393,389
ATL,DTW,386,322
ATL,DEN,214,312
ATL,LAS,398,312
ATL,JFK,181,284
ATL,LAX,105,327
ATL,CLT,375,269
ATL,PHX,371,114
ATL,JAX,255,114
ATL,SFO,241,91
ATL,STL,112,135
ATL,RIC,241,87
ATL,PIT,240,106
ATL,LEX,184,132
ATL,OMA,73,135
ATL,DAY,181,121
ATL,EYW,213,121
ATL,PDX,103,121
ATL,GEG,124,269
ATL,PWM,145,155
AUS,DEN,256,155
AUS,DFW,214,69
AVL,DFW,187,331
AVL,MCO,157,94
BDL,JFK,210,140
BDL,IAH,178,151
BHM,DFW,215,161
BHM,IAH,204,285
BNA,DEN,122,175
BNA,SFO,149,279
BOI,SEA,94,170
BOI,SFO,246,136
BOS,LAX,290,110
BOS,DEN,80,133
BOS,LAS,154,136
BUF,ATL,151,250
BWI,ORD,286,143
CHA,IAH,161,95
CHA,DEN,82,308
CHS,JFK,132,107
CLE,SEA,125,222
CLT,LGA,124,105
CLT,MCO,251,135
CLT,TPA,243,180
CLT,JFK,274,180
CLT,PHX,266,199
CLT,IAH,176,199
CLT,TYS,370,85
CLT,DEN,186,85
CLT,ORF,149,99
CLT,RIC,112,99
CLT,SAN,297,217
CLT,PVD,287,217
CLT,STL,139,205
CLT,SFO,131,285
CLT,BUF,247,285
CLT,MCI,157,102
CLT,SEA,134,272
CLT,SNA,199,201
DCA,LAX,452,332
DCA,DEN,235,332
DCA,PHX,387,229
DEN,PHX,249,150
DEN,LAS,260,173
DEN,MSP,239,139
DEN,AUS,136,162
DEN,ATL,204,240
DEN,SEA,380,119
DEN,LGA,230,164
DEN,MCO,243,164
DEN,IAH,301,164
DEN,MCI,90,86
DEN,EWR,160,86
DEN,BNA,153,93
DEN,BOS,231,93
DEN,STL,230,75
DEN,SAT,132,165
DEN,MIA,214,185
DEN,CLT,161,215
DEN,DSM,95,280
DEN,GEG,282,178
DEN,ELP,186,130
DEN,DCA,220,130
DEN,MKE,244,121
DEN,RDU,95,121
DEN,CLE,103,146
DEN,LIT,115,160
DEN,FAT,266,155
DEN,FAR,110,95
DEN,KOA,154,80
DEN,ALB,165,203
DEN,CHA,137,203
DFW,ATL,173,125
DFW,ORD,163,60
DFW,IAH,294,303
DFW,DEN,431,219
DFW,LAX,185,219
DFW,PHX,260,210
DFW,MCO,323,110
DFW,LAS,348,105
DFW,AUS,190,240
DFW,SEA,203,240
DFW,MIA,378,90
DFW,CLT,238,328
DFW,SFO,316,290
DFW,ABQ,217,337
DFW,IAD,255,190
DFW,RSW,294,59
DFW,BHM,164,150
DFW,SMF,104,143
DFW,JFK,142,78
DFW,TLH,205,97
DFW,MOB,176,113
DFW,GRR,156,144
DFW,AVL,277,106
DFW,KOA,169,243
DFW,ANC,199,184
DFW,BUF,140,184
DFW,OGG,203,363
DFW,PWM,168,160
DFW,ALB,128,128
DSM,ORD,85,126
DSM,DEN,145,88
DSM,PHX,241,180
DTW,ATL,180,170
DTW,IAH,124,176
DTW,MIA,227,191
ELP,DEN,152,91
ELP,LAS,167,106
ELP,MCO,362,121
EWR,IAH,401,90
EWR,DEN,325,227
EWR,PHX,318,170
EYW,ATL,196,273
EYW,CLT,371,273
EYW,MIA,323,164
FAI,SEA,246,168
FAR,ORD,106,99
FAR,DEN,123,139
FAT,DEN,136,148
FLL,ATL,290,217
FLL,LAX,257,160
GEG,PHX,142,223
GRR,DFW,175,146
GSO,ORD,156,126
GSP,IAH,158,239
HNL,LAX,229,166
HNL,SEA,266,155
HNL,JFK,172,170
HOU,SEA,153,111
HSV,ORD,299,202
HSV,IAH,199,224
IAD,DFW,278,91
IAH,ORD,210,228
IAH,DFW,113,184
IAH,LAX,214,130
IAH,DEN,260,130
IAH,EWR,217,152
IAH,SFO,229,152
IAH,DTW,97,152
IAH,LAS,232,207
IAH,CLT,131,131
IAH,BOS,83,162
IAH,SEA,131,157
IAH,JAX,289,159
IAH,SAV,253,169
IAH,GSP,215,234
IAH,RIC,132,234
IAH,SJU,186,234
IAH,JFK,292,193
IAH,BDL,96,149
IAH,RNO,201,227
ICT,ORD,173,91
IND,LAS,234,157
IND,JFK,216,161
JAX,IAH,226,125
JAX,PHX,189,131
JFK,LAX,147,129
JFK,SFO,288,224
JFK,ATL,100,95
JFK,CLT,145,90
JFK,ORD,169,163
JFK,CHS,242,158
JFK,DEN,145,174
JFK,DFW,136,174
JFK,BDL,115,183
JFK,IAH,191,191
JFK,MKE,85,191
LAS,LAX,355,92
LAS,ATL,236,100
LAS,ABQ,271,109
LAS,IND,253,97
LAX,SFO,182,223
LAX,PHX,351,175
LAX,DEN,213,175
LAX,ORD,405,175
LAX,MCO,188,163
LAX,FLL,251,183
LAX,MIA,214,388
LAX,MSP,167,194
LAX,IAD,292,369
LAX,TPA,94,121
LAX,MEM,257,190
LIH,LAS,142,104
MCO,SFO,85,184
MCO,AVL,136,125
MIA,JFK,164,229
MIA,DTW,187,260
MIA,SFO,139,98
MIA,IAD,128,172
MIA,ALB,130,66
ORD,PHX,247,158
ORD,DSM,190,156
ORD,FAR,156,158
ORD,ICT,178,172
ORD,OKC,89,293
ORD,SYR,233,95
ORD,GSO,246,187
ORD,IAD,278,114
ORD,SNA,206,94
ORD,ORF,81,123
ORD,PWM,252,170
ORD,PVD,170,146
ORD,HSV,155,134
ORD,PNS,192,166
ORD,BIL,261,144
ORF,CLT,394,167
ORF,ORD,157,216
ORF,PHX,192,180
ORF,LAS,309,127
PBI,MCO,338,106
PDX,ATL,370,290
PDX,MCO,194,97
PHL,MCO,423,170
PHX,DEN,104,238
PHX,SEA,250,238
PHX,LAX,198,159
PHX,SLC,170,159
PHX,ORD,86,159
PHX,LAS,126,197
PHX,DFW,129,197
PHX,SFO,156,354
PHX,ATL,112,131
PHX,JFK,175,343
PHX,ABQ,197,343
PHX,SJC,150,343
PHX,CLT,185,185
PHX,IAH,192,159
PHX,SAT,188,159
PHX,EWR,116,175
PHX,MCO,285,195
PHX,GEG,337,385
PHX,PSP,334,385
PHX,LGB,83,385
PHX,DSM,253,97
PHX,DCA,249,152
PHX,MEM,176,124
PHX,JAX,113,84
PHX,ORF,386,148
PHX,RIC,161,195
PIT,ATL,175,90
PIT,IAH,444,181
,,,78
,,,78
,,,119
,,,119
,,,119
,,,76
,,,76
,,,76
,,,75
,,,75
,,,75
,,,75
,,,103
,,,103
,,,103
,,,103
,,,238
,,,238
,,,238
,,,238
,,,226
,,,226
,,,226
,,,226
,,,226
,,,171
,,,171
,,,171
,,,171
,,,169
,,,169
,,,169
,,,75
,,,75
,,,75
,,,75
,,,75
,,,85
,,,85
,,,85
,,,89
,,,89
,,,89
,,,303
,,,303
,,,303
,,,190
,,,190
,,,190
,,,190
,,,99
,,,99
,,,188
,,,188
,,,188
,,,95
,,,95
,,,95
,,,238
,,,238
,,,238
,,,238
,,,296
,,,296
,,,296
,,,275
,,,275
,,,275
,,,275
,,,165
,,,165
,,,165
,,,165
,,,147
,,,147
,,,147
,,,310
,,,310
,,,65
,,,65
,,,195
,,,195
,,,387
,,,387
,,,387
,,,215
,,,215
,,,215
,,,165
,,,165
,,,264
,,,264
,,,180
,,,160
,,,160
,,,75
,,,95
,,,275
,,,275
,,,77
,,,77
,,,273
,,,273
,,,273
,,,215
,,,215
,,,215
,,,215
,,,85
,,,85
,,,110
,,,110
,,,247
,,,247
,,,105
,,,105
,,,210
,,,210
,,,210
,,,145
,,,145
,,,145
,,,160
,,,160
,,,286
,,,286
,,,288
,,,288
,,,276
,,,276
,,,205
,,,205
,,,205
,,,260
,,,260
,,,144
,,,144
,,,65
,,,375
,,,375
,,,375
,,,275
,,,275
,,,250
,,,265
,,,265
,,,175
,,,175
,,,200
,,,200
,,,200
,,,150
,,,150
,,,215
,,,375
,,,380
,,,183
,,,260
,,,280
,,,335
,,,335
,,,178
,,,166
,,,224
,,,224
,,,298
,,,271
,,,238
,,,127
,,,217
,,,217
,,,257
,,,226
,,,281
,,,272
,,,288
,,,234
,,,89
,,,89
,,,89
,,,89
,,,89
,,,89
,,,325
,,,325
,,,325
,,,76
,,,76
,,,76
,,,76
,,,76
,,,76
,,,88
,,,88
,,,88
,,,88
,,,88
,,,147
,,,147
,,,147
,,,147
,,,147
,,,177
,,,177
,,,177
,,,177
,,,177
,,,252
,,,252
,,,252
,,,252
,,,252
,,,188
,,,188
,,,188
,,,188
,,,201
,,,201
,,,201
,,,201
,,,201
,,,91
,,,91
,,,91
,,,91
,,,91
,,,115
,,,115
,,,115
,,,115
,,,115
,,,356
,,,356
,,,356
,,,356
,,,356
,,,356
,,,179
,,,179
,,,179
,,,179
,,,331
,,,331
,,,331
,,,331
,,,329
,,,329
,,,329
,,,329
,,,260
,,,260
,,,260
,,,290
,,,290
,,,290
,,,290
,,,290
,,,148
,,,148
,,,148
,,,148
,,,76
,,,76
,,,76
,,,292
,,,292
,,,292
,,,301
,,,301
,,,93
,,,93
,,,93
,,,91
,,,91
,,,91
,,,265
,,,265
,,,213
,,,213
,,,56
,,,56
,,,239
,,,239
,,,239
,,,302
,,,302
,,,119
,,,119
,,,119
,,,282
,,,347
,,,347
,,,347
,,,347
,,,347
,,,347
,,,80
,,,314
,,,314
,,,306
,,,306
,,,216
,,,216
,,,216
,,,174
,,,174
,,,174
,,,350
,,,350
,,,350
,,,350
,,,350
,,,365
,,,365
,,,365
,,,365
,,,365
,,,365
,,,131
,,,131
,,,131
,,,193
,,,193
,,,193
,,,303
,,,303
,,,303
,,,278
,,,278
,,,278
,,,119
,,,119
,,,159
,,,159
,,,177
,,,190
,,,245
,,,245
,,,215
,,,215
,,,75
,,,289
,,,289
,,,200
,,,272
,,,272
,,,146
,,,146
,,,146
,,,289
,,,289
,,,289
,,,63
,,,63
,,,294
,,,216
,,,294
,,,335
,,,335
,,,215
,,,300
,,,346
,,,287
,,,271
,,,283
,,,319
,,,284
,,,344
,,,106
,,,106
,,,93
,,,98
,,,85
,,,155
,,,120
,,,114
,,,193
,,,97
,,,256
,,,141
,,,149
,,,135
,,,120
,,,90
,,,165
,,,165
,,,165
,,,165
,,,83
,,,83
,,,158
,,,158
,,,158
,,,248
,,,248
,,,248
,,,248
,,,198
,,,198
,,,198
,,,198
,,,190
,,,190
,,,190
,,,190
,,,178
,,,178
,,,178
,,,178
,,,178
,,,131
,,,131
,,,131
,,,131
,,,113
,,,113
,,,113
,,,89
,,,89
,,,270
,,,270
,,,270
,,,270
,,,160
,,,160
,,,160
,,,245
,,,245
,,,245
,,,184
,,,184
,,,184
,,,125
,,,125
,,,125
,,,174
,,,174
,,,174
,,,96
,,,96
,,,99
,,,99
,,,144
,,,144
,,,111
,,,111
,,,111
,,,115
,,,115
,,,139
,,,139
,,,182
,,,182
,,,94
,,,94
,,,92
,,,92
,,,134
,,,134
,,,192
,,,200
,,,200
,,,200
,,,186
,,,186
,,,164
,,,164
,,,136
,,,136
,,,206
,,,206
,,,206
,,,87
,,,240
,,,157
,,,150
,,,150
,,,210
,,,210
,,,210
,,,195
,,,195
,,,167
,,,87
,,,87
,,,147
,,,81
,,,241
,,,241
,,,88
,,,134
,,,134
,,,203
,,,203
,,,87
,,,87
,,,133
,,,133
,,,225
,,,225
,,,69
,,,192
,,,192
,,,132
,,,188
,,,188
,,,167
,,,324
,,,242
,,,70
,,,85
,,,115
,,,115
,,,80
,,,80
,,,75
,,,350
,,,350
,,,350
,,,135
,,,346
,,,346
,,,80
,,,190
,,,170
,,,235
,,,143
,,,168
,,,38
,,,38
,,,38
,,,337
,,,337
,,,337
,,,337
,,,337
,,,337
,,,49
,,,49
,,,49
,,,350
,,,350
,,,315
,,,315
,,,315
,,,315
,,,315
,,,415
,,,52
,,,52
,,,350
,,,335
,,,362
,,,344
,,,314
,,,315
,,,315
,,,93
,,,97
,,,124
,,,124
,,,105
,,,150
,,,150
,,,150
,,,130
,,,70
,,,179
,,,179
,,,200
,,,202
,,,206
,,,148
,,,130
,,,130
,,,160
,,,95
,,,109
,,,109
,,,109
,,,115
,,,115
,,,115
,,,124
,,,124
,,,124
,,,124
,,,165
,,,165
,,,165
,,,114
,,,91
,,,175
,,,175
,,,175
,,,111
,,,180
,,,180
,,,146
,,,146
,,,219
,,,219
,,,219
,,,137
,,,165
,,,165
,,,165
,,,244
,,,244
,,,244
,,,95
,,,164
,,,143
,,,168
,,,130
,,,65
,,,192
,,,192
,,,120
,,,120
,,,185
,,,185
,,,145
,,,181
,,,155
,,,155
,,,174
,,,153
,,,180
,,,180
,,,146
,,,146
,,,115
,,,130
,,,243
,,,200
,,,232
,,,232
,,,125
,,,90
,,,85
,,,215
,,,165
,,,130
,,,145
,,,140
,,,150
,,,101
,,,101
,,,101
,,,101
,,,168
,,,168
,,,168
,,,168
,,,190
,,,190
,,,190
,,,190
,,,190
,,,173
,,,173
,,,173
,,,173
,,,163
,,,163
,,,163
,,,157
,,,157
,,,157
,,,157
,,,162
,,,162
,,,162
,,,162
,,,162
,,,184
,,,184
,,,184
,,,184
,,,184
,,,140
,,,140
,,,140
,,,166
,,,166
,,,166
,,,166
,,,113
,,,113
,,,113
,,,188
,,,188
,,,188
,,,136
,,,136
,,,136
,,,136
,,,255
,,,255
,,,255
,,,216
,,,216
,,,216
,,,216
,,,336
,,,336
,,,336
,,,336
,,,336
,,,169
,,,169
,,,169
,,,112
,,,112
,,,112
,,,112
,,,125
,,,125
,,,125
,,,125
,,,76
,,,76
,,,160
,,,160
,,,150
,,,150
,,,150
,,,150
,,,175
,,,175
,,,175
,,,175
,,,160
,,,160
,,,160
,,,170
,,,170
,,,170
,,,170
,,,138
,,,138
,,,145
,,,145
,,,145
,,,145
,,,310
,,,310
,,,310
,,,310
,,,165
,,,165
,,,165
,,,155
,,,115
,,,115
,,,115
,,,115
,,,175
,,,175
,,,175
,,,180
,,,180
,,,180
,,,290
,,,290
,,,290
,,,168
,,,168
,,,300
,,,300
,,,300
,,,385
,,,385
,,,124
,,,124
,,,124
,,,124
,,,344
,,,344
,,,344
,,,70
,,,70
,,,70
,,,170
,,,170
,,,170
,,,170
,,,170
,,,125
,,,125
,,,125
,,,125
,,,327
,,,327
,,,180
,,,180
,,,180
,,,100
,,,180
,,,180
,,,180
,,,177
,,,177
,,,177
,,,130
,,,130
,,,165
,,,165
,,,97
,,,97
,,,97
,,,106
,,,106
,,,195
,,,195
,,,180
,,,180
,,,65
,,,377
,,,186
,,,186
,,,60
,,,350
,,,88
,,,76
,,,120
,,,105
,,,192
,,,145
,,,145
,,,330
,,,115
,,,100
,,,240
,,,200
,,,225
,,,180
,,,82
,,,82
,,,123
,,,123
,,,109
,,,114
,,,111
,,,164
,,,164
,,,163
,,,163
,,,163
,,,136
,,,113
,,,100
,,,120
,,,120
,,,60
,,,136
,,,150
,,,144
,,,221
,,,221
,,,221
,,,221
,,,221
,,,221
,,,167
,,,209
,,,130
,,,178
,,,121
,,,121
,,,121
,,,167
,,,254
,,,136
,,,115
,,,115
,,,80
,,,83
,,,119
,,,72
,,,105
,,,125
,,,100
,,,195
,,,195
,,,195
,,,150
,,,115
,,,180
,,,100
,,,118
,,,220
,,,220
,,,210
,,,155
,,,138
,,,200
,,,160
,,,127
,,,127
,,,127
,,,127
,,,183
,,,183
,,,183
,,,183
,,,214
,,,214
,,,214
,,,214
,,,190
,,,190
,,,190
,,,177
,,,177
,,,177
,,,204
,,,204
,,,204
,,,188
,,,188
,,,188
,,,160
,,,160
,,,137
,,,137
,,,137
,,,184
,,,184
,,,184
,,,184
,,,203
,,,203
,,,203
,,,75
,,,75
,,,159
,,,159
,,,159
,,,71
,,,279
,,,279
,,,279
,,,279
,,,346
,,,346
,,,193
,,,193
,,,193
,,,193
,,,149
,,,149
,,,199
,,,199
,,,199
,,,134
,,,134
,,,134
,,,160
,,,160
,,,160
,,,310
,,,379
,,,379
,,,239
,,,239
,,,239
,,,185
,,,185
,,,132
,,,132
,,,214
,,,214
,,,171
,,,171
,,,324
,,,324
,,,320
,,,320
,,,111
,,,84
,,,116
,,,413
,,,413
,,,413
,,,92
,,,177
,,,177
,,,185
,,,185
,,,163
,,,163
,,,63
,,,125
,,,145
,,,411
,,,411
,,,147
,,,338
,,,98
,,,159
,,,238
,,,238
,,,194
,,,194
,,,219
,,,219
,,,127
,,,124
,,,223
,,,199
,,,138
,,,160
,,,208
,,,196
,,,402
,,,138
,,,207
,,,206
,,,136
,,,136
,,,222
,,,167
,,,170
,,,208
,,,206
,,,70
,,,70
,,,127
,,,127
,,,72
,,,137
,,,81
,,,81
,,,160
,,,160
,,,160
,,,225
,,,225
,,,225
,,,115
,,,115
,,,165
,,,165
,,,165
,,,183
,,,230
,,,230
,,,230
,,,131
,,,162
,,,95
,,,214
,,,80
,,,141
,,,143
,,,143
,,,132
,,,110
,,,146
,,,165
,,,165
,,,207
,,,207
,,,175
,,,175
,,,268
,,,90
,,,190
,,,250
,,,170
,,,82
,,,124
,,,102
,,,121
,,,145
,,,100
,,,100
,,,100
,,,100
,,,130
,,,130
,,,130
,,,130
,,,130
,,,201
,,,201
,,,201
,,,201
,,,201
,,,204
,,,204
,,,204
,,,204
,,,194
,,,194
,,,194
,,,194
,,,157
,,,157
,,,157
,,,158
,,,158
,,,158
,,,158
,,,202
,,,202
,,,236
,,,236
,,,69
,,,165
,,,95
,,,95
,,,95
,,,189
,,,189
,,,149
,,,149
,,,172
,,,172
,,,75
,,,75
,,,232
,,,232
,,,232
,,,153
,,,153
,,,153
,,,165
,,,165
,,,165
,,,253
,,,253
,,,253
,,,73
,,,153
,,,153
,,,153
,,,230
,,,230
,,,180
,,,180
,,,173
,,,173
,,,173
,,,122
,,,122
,,,122
,,,175
,,,175
,,,103
,,,103
,,,98
,,,98
,,,147
,,,147
,,,147
,,,81
,,,94
,,,151
,,,151
,,,216
,,,216
,,,115
,,,83
,,,83
,,,220
,,,220
,,,220
,,,221
,,,221
,,,221
,,,74
,,,151
,,,151
,,,151
,,,125
,,,125
,,,175
,,,175
,,,180
,,,180
,,,159
,,,159
,,,188
,,,188
,,,186
,,,186
,,,224
,,,224
,,,241
,,,135
,,,206
,,,206
,,,165
,,,165
,,,136
,,,173
,,,173
,,,157
,,,157
,,,132
,,,165
,,,134
,,,111
,,,234
,,,154
,,,154
,,,246
,,,165
,,,165
,,,122
,,,122
,,,162
,,,162
,,,218
,,,218
,,,313
,,,313
,,,161
,,,161
,,,168
,,,168
,,,348
,,,348
,,,348
,,,336
,,,521
,,,216
,,,135
,,,135
,,,147
,,,147
,,,148
,,,139
,,,139
,,,174
,,,108
,,,535
,,,91
,,,91
,,,91
,,,83
,,,83
,,,110
,,,110
,,,110
,,,161
,,,161
,,,161
,,,108
,,,108
,,,108
,,,108
,,,179
,,,179
,,,179
,,,80
,,,90
,,,90
,,,154
,,,154
,,,175
,,,175
,,,175
,,,126
,,,260
,,,260
,,,260
,,,110
,,,110
,,,110
,,,95
,,,95
,,,95
,,,181
,,,181
,,,121
,,,121
,,,95
,,,183
,,,173
,,,173
,,,210
,,,210
,,,226
,,,152
,,,152
,,,150
,,,150
,,,167
,,,167
,,,230
,,,230
,,,230
,,,110
,,,152
,,,200
,,,200
,,,319
,,,292
,,,125
,,,125
,,,120
,,,100
,,,309
,,,245
,,,108
,,,135
,,,143
,,,106
,,,137
,,,96
,,,80
,,,94
,,,120
,,,105
,,,120
,,,95
,,,90
,,,90
,,,90
,,,115
,,,85
,,,114
,,,114
,,,100
,,,100
,,,129
,,,129
,,,145
,,,85
,,,80
,,,90
,,,320
,,,320
,,,320
,,,334
,,,334
,,,334
,,,336
,,,336
,,,336
,,,90
,,,203
,,,223
,,,120
,,,135
,,,41
,,,41
,,,41
,,,318
,,,318
,,,318
,,,318
,,,318
,,,318
,,,302
,,,302
,,,302
,,,344
,,,344
,,,344
,,,50
,,,50
,,,50
,,,36
,,,36
,,,36
,,,322
,,,322
,,,300
,,,300
,,,300
,,,335
,,,335
,,,335
,,,360
,,,328
,,,344
,,,344
,,,304
,,,304
,,,304
,,,305
,,,305
,,,305
,,,310
,,,310
,,,310
,,,510
,,,476
,,,476
,,,420
,,,392
,,,362
,,,470
,,,112
,,,112
,,,112
,,,139
,,,139
,,,71
,,,100
,,,150
,,,150
,,,129
,,,129
,,,129
,,,160
,,,160
,,,160
,,,90
,,,208
,,,205
,,,205
,,,166
,,,105
,,,133
,,,171
,,,171
,,,161
,,,244
,,,160
,,,160
,,,188
,,,80
,,,90
,,,140
,,,140
,,,170
,,,110
,,,110
,,,107
,,,107
,,,107
,,,167
,,,167
,,,137
,,,137
,,,123
,,,81
,,,174
,,,174
,,,174
,,,121
,,,175
,,,175
,,,158
,,,144
,,,75
,,,175
,,,164
,,,150
,,,150
,,,225
,,,210
,,,105
,,,140
,,,230
,,,225
,,,180
,,,140
,,,190
,,,178
,,,170
,,,110
,,,80
,,,80
,,,171
,,,171
,,,171
,,,69
,,,69
,,,135
,,,135
,,,135
,,,85
,,,182
,,,182
,,,89
,,,89
,,,110
,,,110
,,,80
,,,75
,,,253
,,,144
,,,197
,,,197
,,,180
,,,243
,,,361
,,,361
,,,267
,,,285
,,,121
,,,230
,,,165
,,,322
,,,137
,,,137
,,,137
,,,137
,,,99
,,,99
,,,99
,,,99
,,,88
,,,88
,,,88
,,,151
,,,151
,,,151
,,,151
,,,73
,,,73
,,,170
,,,170
,,,170
,,,170
,,,170
,,,162
,,,162
,,,162
,,,162
,,,127
,,,127
,,,127
,,,127
,,,127
,,,142
,,,142
,,,142
,,,239
,,,239
,,,239
,,,239
,,,105
,,,105
,,,105
,,,69
,,,69
,,,179
,,,179
,,,179
,,,179
,,,61
,,,61
,,,292
,,,292
,,,88
,,,88
,,,119
,,,119
,,,275
,,,275
,,,275
,,,275
,,,275
,,,88
,,,88
,,,281
,,,281
,,,281
,,,281
,,,171
,,,171
,,,171
,,,171
,,,247
,,,247
,,,247
,,,247
,,,247
,,,131
,,,131
,,,131
,,,194
,,,194
,,,194
,,,194
,,,129
,,,129
,,,129
,,,107
,,,107
,,,92
,,,92
,,,99
,,,99
,,,182
,,,182
,,,182
,,,182
,,,182
,,,193
,,,193
,,,193
,,,193
,,,193
,,,131
,,,131
,,,131
,,,271
,,,271
,,,271
,,,169
,,,169
,,,169
,,,169
,,,169
,,,81
,,,81
,,,221
,,,221
,,,221
,,,102
,,,102
,,,130
,,,130
,,,179
,,,179
,,,179
,,,179
,,,113
,,,113
,,,91
,,,91
,,,132
,,,132
,,,144
,,,144
,,,144
,,,144
,,,123
,,,123
,,,123
,,,272
,,,272
,,,272
,,,130
,,,130
,,,137
,,,137
,,,116
,,,116
,,,102
,,,102
,,,153
,,,153
,,,153
,,,150
,,,150
,,,108
,,,108
,,,112
,,,112
,,,118
,,,118
,,,132
,,,132
,,,112
,,,112
,,,122
,,,122
,,,119
,,,119
,,,142
,,,142
,,,122
,,,122
,,,141
,,,141
,,,124
,,,124
,,,123
,,,154
,,,154
,,,189
,,,189
,,,124
,,,124
,,,275
,,,275
,,,142
,,,142
,,,137
,,,137
,,,150
,,,150
,,,285
,,,285
,,,285
,,,285
,,,285
,,,283
,,,283
,,,150
,,,150
,,,115
,,,115
,,,186
,,,186
,,,273
,,,273
,,,237
,,,237
,,,204
,,,204
,,,204
,,,204
,,,240
,,,240
,,,151
,,,149
,,,149
,,,203
,,,203
,,,220
,,,220
,,,250
,,,250
,,,555
,,,555
,,,199
,,,199
,,,406
,,,406
,,,406
,,,399
,,,564
,,,564
,,,266
,,,273
,,,295
,,,276
,,,553
,,,119
,,,119
,,,91
,,,94
,,,94
,,,90
,,,90
,,,152
,,,152
,,,124
,,,77
,,,60
,,,131
,,,131
,,,131
,,,131
,,,69
,,,70
,,,99
,,,218
,,,144
,,,140
,,,140
,,,140
,,,140
,,,115
,,,109
,,,109
,,,240
,,,240
,,,210
,,,198
,,,87
,,,225
,,,354
,,,116
,,,150
,,,104
,,,87
,,,83
,,,341
,,,147
,,,167
,,,348
,,,347
,,,86
,,,135
,,,160
,,,179
,,,179
,,,179
,,,117
,,,117
,,,170
,,,170
,,,170
,,,168
,,,168
,,,166
,,,166
,,,190
,,,190
,,,190
,,,125
,,,146
,,,146
,,,211
,,,211
,,,145
,,,205
,,,151
,,,180
,,,180
,,,173
,,,175
,,,60
,,,128
,,,173
,,,242
,,,274
,,,140
,,,347
,,,101
,,,152
,,,114
,,,178
,,,177
,,,133
,,,135
,,,65
,,,65
,,,160
,,,160
,,,160
,,,160
,,,150
,,,150
,,,150
,,,150
,,,114
,,,114
,,,158
,,,158
,,,158
,,,158
,,,140
,,,140
,,,140
,,,113
,,,113
,,,247
,,,247
,,,247
,,,96
,,,96
,,,110
,,,110
,,,230
,,,230
,,,79
,,,71
,,,105
,,,105
,,,157
,,,157
,,,234
,,,199
,,,199
,,,199
,,,153
,,,284
,,,284
,,,89
,,,141
,,,153
,,,244
,,,323
,,,323
,,,365
,,,365
,,,343
,,,343
,,,257
,,,257
,,,371
,,,173
,,,327
,,,327
,,,268
,,,341
,,,207
,,,207
,,,376
,,,302
,,,120
,,,257
,,,299
,,,293
,,,300
,,,300
,,,264
,,,326
,,,326
,,,114
,,,374
,,,171
,,,239
,,,258
,,,308
,,,308
,,,227
,,,227
,,,227
,,,198
,,,341
,,,316
,,,145
,,,105
,,,165
,,,165
,,,165
,,,165
,,,165
,,,136
,,,136
,,,136
,,,136
,,,149
,,,149
,,,149
,,,90
,,,90
,,,90
,,,174
,,,174
,,,174
,,,174
,,,111
,,,111
,,,111
,,,111
,,,180
,,,180
,,,180
,,,116
,,,116
,,,116
,,,236
,,,236
,,,140
,,,140
,,,140
,,,171
,,,171
,,,171
,,,235
,,,235
,,,235
,,,235
,,,257
,,,257
,,,257
,,,257
,,,96
,,,96
,,,175
,,,175
,,,175
,,,356
,,,356
,,,320
,,,170
,,,170
,,,81
,,,87
,,,378
,,,378
,,,80
,,,225
,,,225
,,,225
,,,131
,,,104
,,,333
,,,333
,,,145
,,,145
,,,122
,,,122
,,,309
,,,309
,,,158
,,,158
,,,82
,,,77
,,,102
,,,79
,,,94
,,,90
,,,180
,,,180
,,,136
,,,365
,,,365
,,,365
,,,85
,,,194
,,,194
,,,94
,,,91
,,,123
,,,192
,,,95
,,,359
,,,130
,,,130
,,,238
,,,69
,,,196
,,,125
,,,149
,,,173
,,,173
,,,173
,,,142
,,,74
,,,119
,,,165
,,,117
,,,200
,,,128
,,,128
,,,247
,,,352
,,,352
,,,110
,,,110
,,,110
,,,110
,,,193
,,,193
,,,193
,,,193
,,,193
,,,93
,,,93
,,,93
,,,93
,,,93
,,,100
,,,100
,,,100
,,,100
,,,213
,,,213
,,,213
,,,213
,,,75
,,,75
,,,75
,,,75
,,,71
,,,71
,,,71
,,,149
,,,149
,,,128
,,,128
,,,128
,,,128
,,,128
,,,182
,,,182
,,,182
,,,182
,,,182
,,,171
,,,171
,,,171
,,,171
,,,80
,,,80
,,,80
,,,54
,,,54
,,,135
,,,135
,,,135
,,,216
,,,216
,,,216
,,,216
,,,121
,,,121
,,,288
,,,288
,,,288
,,,75
,,,75
,,,115
,,,115
,,,75
,,,75
,,,243
,,,152
,,,152
,,,152
,,,157
,,,157
,,,157
,,,130
,,,130
,,,130
,,,175
,,,175
,,,175
,,,195
,,,195
,,,227
,,,227
,,,227
,,,227
,,,295
,,,295
,,,295
,,,77
,,,77
,,,288
,,,288
,,,132
,,,132
,,,132
,,,114
,,,114
,,,114
,,,270
,,,150
,,,259
,,,154
,,,154
,,,154
,,,200
,,,200
,,,200
,,,200
,,,200
,,,200
,,,115
,,,249
,,,249
,,,249
,,,130
,,,130
,,,105
,,,232
,,,232
,,,232
,,,160
,,,160
,,,160
,,,73
,,,80
,,,235
,,,235
,,,169
,,,169
,,,169
,,,247
,,,247
,,,410
,,,410
,,,410
,,,410
,,,178
,,,178
,,,255
,,,255
,,,255
,,,255
,,,394
,,,394
,,,250
,,,250
,,,140
,,,140
,,,235
,,,235
,,,235
,,,174
,,,150
,,,182
,,,182
,,,182
,,,359
,,,359
,,,190
,,,213
,,,237
,,,393
,,,408
,,,172
,,,250
,,,250
,,,183
,,,285
,,,263
,,,255
,,,207
,,,113
,,,113
,,,91
,,,91
,,,111
,,,111
,,,140
,,,140
,,,140
,,,140
,,,99
,,,99
,,,99
,,,82
,,,99
,,,94
,,,106
,,,106
,,,195
,,,157
,,,157
,,,157
,,,210
,,,210
,,,74
,,,68
,,,77
,,,171
,,,171
,,,95
,,,95
,,,142
,,,142
,,,194
,,,70
,,,145
,,,145
,,,85
,,,85
,,,273
,,,273
,,,273
,,,150
,,,150
,,,265
,,,285
,,,105
,,,328
,,,321
,,,321
,,,321
,,,321
,,,321
,,,180
,,,190
,,,190
,,,106
,,,152
,,,92
,,,89
,,,168
,,,103
,,,295
,,,295
,,,167
,,,122
,,,122
,,,100
,,,92
,,,79
,,,76
,,,133
,,,112
,,,112
,,,163
,,,163
,,,107
,,,143
,,,205
,,,205
,,,205
,,,90
,,,90
,,,90
,,,90
,,,162
,,,162
,,,146
,,,100
,,,105
,,,105
,,,158
,,,110
,,,83
,,,125
,,,130
,,,91
,,,108
,,,186
,,,132
,,,140
